{
    "Boss": {
        "BodyColliderSize": 3.200000047683716,
        "HitEffectDuration": 0.15000000596046448
    }
}
