{
    "ShootState": {
        "AimRotationLerp": 1.0,
        "FireRate": 0.20000000298023224,
        "MoveSpeedMultiplier": 0.6000000238418579
    }
}
