{"nodes":{"node:10000":{"location":{"x":-139,"y":-167}},"node:10001":{"location":{"x":-315,"y":24}},"node:10002":{"location":{"x":20,"y":15}},"node:10003":{"location":{"x":-203,"y":191}},"node:10004":{"location":{"x":-347,"y":328}},"node:10005":{"location":{"x":-123,"y":328}},"node:10006":{"location":{"x":196,"y":191}},"node:10007":{"location":{"x":118,"y":328}},"node:10008":{"location":{"x":342,"y":328}}},"selection":null,"view":{"scroll":{"x":-372.87298583984375,"y":-223.6334228515625},"visible_rect":{"max":{"x":569.12701416015625,"y":563.3665771484375},"min":{"x":-372.87298583984375,"y":-223.6334228515625}},"zoom":1}}