{"nodes":{"node:10000":{"location":{"x":-124,"y":-169}},"node:10001":{"location":{"x":-265,"y":-33}},"node:10002":{"location":{"x":-5,"y":-33}},"node:10003":{"location":{"x":-137,"y":95}},"node:10004":{"location":{"x":123,"y":95}},"node:10005":{"location":{"x":56,"y":223}},"node:10006":{"location":{"x":280,"y":223}}},"selection":["node:10002"],"view":{"scroll":{"x":-277.330596923828125,"y":-230.92559814453125},"visible_rect":{"max":{"x":522.66943359375,"y":556.07440185546875},"min":{"x":-277.330596923828125,"y":-230.92559814453125}},"zoom":1}}