{"nodes":{"node:10000":{"location":{"x":-124,"y":-169}},"node:10001":{"location":{"x":-313,"y":15}},"node:10002":{"location":{"x":22,"y":40}},"node:10003":{"location":{"x":-203,"y":191}},"node:10004":{"location":{"x":-347,"y":328}},"node:10005":{"location":{"x":-123,"y":328}},"node:10006":{"location":{"x":187,"y":191}},"node:10007":{"location":{"x":118,"y":328}},"node:10008":{"location":{"x":358,"y":328}}},"selection":null,"view":{"scroll":{"x":-354.682342529296875,"y":-231.21759033203125},"visible_rect":{"max":{"x":583.126953125,"y":562.34906005859375},"min":{"x":-358.87298583984375,"y":-233.949462890625}},"zoom":0.988322794437408447}}