{"nodes":{"node:10000":{"location":{"x":-124,"y":-169}},"node:10001":{"location":{"x":-265,"y":-33}},"node:10002":{"location":{"x":-5,"y":-40}},"node:10003":{"location":{"x":-137,"y":95}},"node:10004":{"location":{"x":-361,"y":863}},"node:10005":{"location":{"x":536,"y":479}},"node:10006":{"location":{"x":-265,"y":351}},"node:10007":{"location":{"x":251,"y":217}},"node:10008":{"location":{"x":24,"y":217}},"node:10009":{"location":{"x":184,"y":351}},"node:10010":{"location":{"x":136,"y":89}},"node:10011":{"location":{"x":-245,"y":735}},"node:10012":{"location":{"x":-137,"y":863}},"node:10013":{"location":{"x":408,"y":351}},"node:10014":{"location":{"x":296,"y":479}},"node:10015":{"location":{"x":-40,"y":351}},"node:10016":{"location":{"x":43,"y":479}},"node:10017":{"location":{"x":-293,"y":479}},"node:10018":{"location":{"x":-473,"y":607}},"node:10019":{"location":{"x":-24,"y":607}},"node:10020":{"location":{"x":536,"y":703}},"node:10021":{"location":{"x":392,"y":847}},"node:10022":{"location":{"x":632,"y":847}},"node:10023":{"location":{"x":200,"y":607}},"node:10024":{"location":{"x":-249,"y":607}}},"selection":null,"view":{"scroll":{"x":-223.81695556640625,"y":-22.7342796325683594},"visible_rect":{"max":{"x":552.244140625,"y":929.687744140625},"min":{"x":-298.422637939453125,"y":-30.3123760223388672}},"zoom":0.749999880790710449}}