{"nodes":{"node:10000":{"location":{"x":-124,"y":-169}},"node:10001":{"location":{"x":-313,"y":15}},"node:10002":{"location":{"x":22,"y":40}},"node:10003":{"location":{"x":-203,"y":191}},"node:10004":{"location":{"x":-345,"y":319}},"node:10005":{"location":{"x":-121,"y":319}},"node:10006":{"location":{"x":187,"y":191}},"node:10007":{"location":{"x":118,"y":328}},"node:10008":{"location":{"x":358,"y":328}}},"selection":["node:10008"],"view":{"scroll":{"x":-304.575408935546875,"y":-288.711761474609375},"visible_rect":{"max":{"x":442.9107666015625,"y":594.19122314453125},"min":{"x":-363.195465087890625,"y":-344.27862548828125}},"zoom":0.838599145412445068}}