{"nodes":{"node:10000":{"location":{"x":-124,"y":-169}},"node:10001":{"location":{"x":-265,"y":-33}},"node:10002":{"location":{"x":-5,"y":-40}},"node:10003":{"location":{"x":-137,"y":95}},"node:10004":{"location":{"x":-361,"y":735}},"node:10005":{"location":{"x":536,"y":479}},"node:10006":{"location":{"x":-265,"y":351}},"node:10007":{"location":{"x":251,"y":217}},"node:10008":{"location":{"x":24,"y":217}},"node:10009":{"location":{"x":184,"y":351}},"node:10010":{"location":{"x":136,"y":89}},"node:10011":{"location":{"x":-245,"y":607}},"node:10012":{"location":{"x":-137,"y":735}},"node:10013":{"location":{"x":408,"y":351}},"node:10014":{"location":{"x":296,"y":479}},"node:10015":{"location":{"x":-40,"y":351}},"node:10016":{"location":{"x":43,"y":479}},"node:10017":{"location":{"x":-293,"y":479}},"node:10018":{"location":{"x":-473,"y":607}},"node:10019":{"location":{"x":-24,"y":607}},"node:10020":{"location":{"x":216,"y":601}},"node:10021":{"location":{"x":104,"y":735}},"node:10022":{"location":{"x":328,"y":735}}},"selection":["node:10004"],"view":{"scroll":{"x":-157.391998291015625,"y":-202.786865234375},"visible_rect":{"max":{"x":597.21600341796875,"y":1034.42626953125},"min":{"x":-314.78399658203125,"y":-405.57373046875}},"zoom":0.5}}