{"nodes":{"node:1000":{"location":{"x":100,"y":100}},"node:1001":{"location":{"x":300,"y":-50}},"node:1002":{"location":{"x":300,"y":200}},"node:1003":{"location":{"x":500,"y":125}}},"selection":null,"view":{"scroll":{"x":24.405548095703125,"y":-223.377395629882812},"visible_rect":{"max":{"x":789.92498779296875,"y":450.8984375},"min":{"x":19.5244541168212891,"y":-178.702056884765625}},"zoom":1.24999904632568359}}