{
  "endColor": [
    0.10468015819787979,
    0.4713417887687683,
    0.9904351830482483,
    1.0
  ],
  "frequency": 0.0010000000474974513,
  "frequencyTime": 0.0003967920783907175,
  "isActive": true,
  "isEmitting": true,
  "isNormalize": false,
  "isRandomRotateZ": false,
  "isTemporary": true,
  "lifeTimeRange": [
    0.009999999776482582,
    0.10000000149011612
  ],
  "particleCount": 10,
  "position": [
    -7.099999904632568,
    7.300000190734863,
    2.0
  ],
  "radius": 0.10000000149011612,
  "scaleRangeX": [
    5.0,
    5.0
  ],
  "scaleRangeY": [
    5.0,
    5.0
  ],
  "startColor": [
    0.1638483703136444,
    0.5000783801078796,
    0.9760879874229431,
    1.0
  ],
  "type": 0,
  "velRangeX": [
    0.0010000000474974513,
    0.0010000000474974513
  ],
  "velRangeY": [
    0.0010000000474974513,
    0.0010000000474974513
  ],
  "velRangeZ": [
    0.0010000000474974513,
    0.0010000000474974513
  ]
}
