{
  "boxRotation": [
    0.0,
    0.0,
    0.0
  ],
  "boxSize": [
    40.0,
    25.0,
    0.0
  ],
  "endColor": [
    1.0,
    1.0,
    1.0,
    1.0
  ],
  "frequency": 1.0,
  "frequencyTime": 0.3808974325656891,
  "isActive": true,
  "isEmitting": false,
  "isNormalize": false,
  "isRandomRotateZ": true,
  "isTemporary": false,
  "lifeTimeRange": [
    1.0,
    1.0
  ],
  "particleCount": 1,
  "position": [
    0.0,
    -1003.0,
    14.0
  ],
  "scaleRangeX": [
    20.0,
    20.0
  ],
  "scaleRangeY": [
    0.5,
    0.5
  ],
  "startColor": [
    1.0,
    1.0,
    1.0,
    1.0
  ],
  "type": 1,
  "velRangeX": [
    0.0010000000474974513,
    0.0010000000474974513
  ],
  "velRangeY": [
    0.0010000000474974513,
    0.0010000000474974513
  ],
  "velRangeZ": [
    0.0010000000474974513,
    0.0010000000474974513
  ]
}
